gr_bin,ri_bin,class,count
0.45,0.2,STAR,1127
1.55,1.0,GALAXY,651
1.15,0.75,GALAXY,156
1.8,0.7,GALAXY,950
0.2,0.0,QSO,766
1.5,0.6,GALAXY,652
2.15,1.15,GALAXY,151
0.85,1.25,GALAXY,23
1.85,0.9,GALAXY,606
0.7,0.15,GALAXY,47
0.3,0.35,QSO,218
0.3,0.0,QSO,590
0.35,0.15,QSO,387
1.9,0.8,GALAXY,371
1.45,0.5,GALAXY,468
0.2,0.35,QSO,290
0.6,0.25,STAR,1190
1.55,0.9,STAR,80
0.4,0.2,STAR,865
0.5,0.0,QSO,193
1.3,1.0,STAR,32
0.5,0.45,QSO,77
1.9,0.75,GALAXY,405
0.9,0.75,GALAXY,125
0.95,0.95,GALAXY,103
1.2,0.5,GALAXY,906
1.5,0.4,GALAXY,23
1.25,0.55,GALAXY,507
0.05,0.4,QSO,231
2.05,0.65,GALAXY,58
1.4,1.2,GALAXY,197
1.4,0.75,GALAXY,273
0.4,0.1,STAR,963
1.6,1.2,GALAXY,305
1.35,0.55,GALAXY,630
1.55,0.95,GALAXY,609
1.0,0.55,GALAXY,349
0.15,0.4,QSO,211
0.45,0.15,STAR,1238
1.15,0.6,GALAXY,151
0.1,-0.15,STAR,51
1.35,0.5,GALAXY,622
1.7,0.7,GALAXY,722
1.6,0.65,GALAXY,570
-0.1,-0.05,QSO,82
0.6,-0.05,QSO,54
0.0,0.0,QSO,300
0.05,-0.15,STAR,62
0.25,-0.1,STAR,72
0.7,0.5,GALAXY,224
-0.35,-0.2,STAR,26
0.45,0.25,STAR,422
-0.15,0.3,QSO,98
1.15,0.5,STAR,158
0.8,0.5,GALAXY,449
1.35,0.95,STAR,43
0.25,-0.15,STAR,57
0.6,0.25,QSO,84
0.1,-0.2,QSO,92
0.25,-0.1,QSO,310
0.1,0.1,QSO,752
0.6,0.15,QSO,115
0.65,0.1,QSO,67
-0.25,0.35,QSO,36
0.45,0.3,GALAXY,691
1.6,0.75,GALAXY,435
0.2,0.55,GALAXY,40
0.65,0.5,GALAXY,170
-0.05,0.4,QSO,163
1.5,0.5,GALAXY,376
2.0,0.8,GALAXY,144
0.45,0.4,GALAXY,200
0.2,0.15,STAR,380
0.25,0.5,GALAXY,33
0.6,0.45,QSO,79
1.95,1.0,GALAXY,340
1.9,1.2,GALAXY,239
1.2,0.85,GALAXY,213
0.65,0.05,GALAXY,39
1.25,0.7,GALAXY,113
0.15,0.1,STAR,293
0.65,0.3,GALAXY,397
-0.2,0.15,QSO,79
1.4,1.3,GALAXY,104
1.55,1.35,GALAXY,93
0.8,0.6,GALAXY,73
2.1,1.05,GALAXY,191
0.45,1.05,GALAXY,51
-0.25,-0.3,STAR,44
0.75,0.65,GALAXY,92
0.65,0.45,QSO,65
2.15,0.95,GALAXY,95
0.05,0.05,QSO,575
0.45,0.0,GALAXY,43
1.05,0.6,GALAXY,138
1.95,1.4,GALAXY,51
0.4,0.9,GALAXY,41
0.65,0.25,STAR,964
0.5,0.75,GALAXY,88
0.2,0.75,GALAXY,32
0.9,0.7,GALAXY,105
0.05,0.1,QSO,608
1.0,0.5,QSO,29
1.3,0.75,GALAXY,223
1.25,0.95,GALAXY,187
0.35,1.0,GALAXY,25
0.95,0.3,GALAXY,79
0.45,0.15,QSO,263
1.35,1.45,GALAXY,41
-0.05,0.05,STAR,63
0.2,-0.25,QSO,56
1.4,1.45,STAR,41
2.15,1.35,GALAXY,62
1.3,0.45,STAR,44
0.95,0.6,GALAXY,89
1.75,1.3,GALAXY,153
1.05,0.35,GALAXY,123
2.0,1.1,GALAXY,267
1.3,0.45,GALAXY,310
2.25,1.05,GALAXY,97
1.45,0.7,STAR,85
0.05,0.45,QSO,136
1.9,1.25,GALAXY,169
1.65,0.9,STAR,29
0.15,0.4,GALAXY,28
2.1,1.15,GALAXY,194
0.55,0.45,GALAXY,180
2.3,1.25,GALAXY,52
-0.05,0.1,QSO,319
1.25,0.35,GALAXY,27
0.25,0.35,STAR,35
1.5,0.7,STAR,58
0.5,0.5,GALAXY,77
-0.2,0.5,QSO,30
0.35,0.65,GALAXY,72
0.6,-0.05,STAR,24
0.25,0.45,QSO,134
2.8,1.05,GALAXY,23
0.65,0.35,GALAXY,1033
0.35,0.45,GALAXY,52
1.25,0.75,GALAXY,204
0.7,0.7,GALAXY,98
1.4,1.5,STAR,36
0.3,-0.15,STAR,36
2.6,1.15,GALAXY,43
1.75,0.5,GALAXY,79
2.25,1.25,GALAXY,98
0.1,0.45,QSO,120
0.5,0.3,QSO,123
0.7,0.9,GALAXY,76
2.0,1.3,GALAXY,96
1.15,0.8,GALAXY,205
1.05,0.7,GALAXY,111
1.15,1.25,STAR,21
2.7,1.05,GALAXY,27
1.5,0.8,STAR,87
0.35,-0.15,QSO,151
1.7,1.3,GALAXY,168
0.15,-0.3,QSO,34
0.2,0.6,QSO,22
1.3,1.2,GALAXY,133
1.15,1.1,GALAXY,113
0.3,0.35,STAR,36
0.65,0.5,QSO,52
1.4,0.65,STAR,115
0.7,0.05,GALAXY,27
0.8,0.45,QSO,52
0.6,0.8,GALAXY,93
0.4,0.45,QSO,79
1.6,1.15,STAR,55
2.9,1.2,GALAXY,25
0.5,-0.15,QSO,48
-0.15,0.15,QSO,106
2.25,1.0,GALAXY,74
-0.05,-0.05,STAR,175
1.7,1.3,STAR,25
2.1,0.9,GALAXY,118
2.7,1.15,GALAXY,28
0.2,0.35,STAR,28
1.15,0.95,STAR,27
0.65,-0.05,QSO,29
0.85,0.65,GALAXY,72
1.0,0.6,GALAXY,91
2.4,1.05,GALAXY,70
0.1,0.2,GALAXY,44
1.45,0.75,STAR,99
2.25,0.9,GALAXY,32
0.35,0.6,GALAXY,48
-0.1,0.55,QSO,33
1.6,1.25,STAR,53
1.35,0.5,STAR,53
1.2,1.1,GALAXY,140
-0.1,0.0,STAR,64
2.3,1.15,GALAXY,78
2.3,1.05,GALAXY,78
0.15,0.3,STAR,58
0.35,0.95,GALAXY,28
0.15,0.2,STAR,113
1.05,0.3,GALAXY,55
0.55,0.1,GALAXY,53
0.3,-0.05,GALAXY,33
0.9,0.25,QSO,25
2.4,1.1,GALAXY,68
0.75,0.25,QSO,41
1.6,0.95,STAR,33
0.75,0.2,STAR,156
0.7,0.55,GALAXY,96
-0.1,-0.1,QSO,36
0.15,0.55,QSO,48
2.1,1.35,GALAXY,59
0.15,0.1,GALAXY,53
0.25,-0.25,STAR,22
0.7,0.7,QSO,23
0.4,0.35,STAR,47
1.45,0.6,STAR,49
0.25,1.1,GALAXY,24
0.7,0.05,STAR,24
0.85,0.4,QSO,25
1.45,1.05,STAR,131
1.35,1.3,STAR,55
2.0,1.4,GALAXY,42
0.35,-0.25,QSO,34
1.8,0.5,GALAXY,54
0.9,0.3,QSO,29
1.15,1.1,STAR,22
-0.15,-0.1,STAR,98
0.55,0.9,GALAXY,54
0.1,0.15,GALAXY,49
1.4,0.85,STAR,73
0.15,-0.25,QSO,54
-0.2,0.05,QSO,29
0.15,0.6,GALAXY,23
2.25,0.95,GALAXY,53
0.2,0.65,GALAXY,21
0.5,0.4,STAR,26
-0.35,-0.3,STAR,64
0.25,0.55,QSO,43
0.25,0.6,GALAXY,37
1.25,0.95,STAR,23
-0.1,-0.2,STAR,32
0.0,-0.15,QSO,67
1.35,0.9,STAR,54
1.65,1.9,STAR,26
-0.2,-0.1,STAR,57
1.9,0.5,GALAXY,23
0.05,0.1,GALAXY,25
1.05,0.55,GALAXY,395
0.9,1.2,GALAXY,35
0.4,-0.15,QSO,110
1.6,1.1,GALAXY,592
2.0,0.9,GALAXY,266
2.05,0.7,GALAXY,86
1.35,0.65,GALAXY,128
0.1,0.0,STAR,383
1.2,1.05,STAR,25
0.55,0.25,STAR,1088
1.05,1.15,GALAXY,65
1.35,1.25,GALAXY,126
0.35,0.2,QSO,333
1.85,0.7,GALAXY,721
1.05,0.9,GALAXY,137
1.4,0.75,STAR,96
0.75,0.45,STAR,24
0.3,0.45,QSO,133
1.3,0.65,STAR,74
1.85,0.85,GALAXY,603
0.8,0.85,GALAXY,87
2.0,0.85,GALAXY,228
1.65,1.0,GALAXY,768
0.5,0.2,STAR,1473
1.6,0.6,GALAXY,874
0.4,0.3,QSO,196
0.0,0.05,QSO,385
0.85,0.8,GALAXY,104
0.2,0.15,QSO,716
1.0,0.5,GALAXY,1078
1.05,0.95,GALAXY,139
0.4,-0.2,QSO,57
1.5,0.9,GALAXY,536
1.65,0.55,GALAXY,509
1.8,1.25,GALAXY,224
0.35,-0.1,QSO,229
1.75,0.65,GALAXY,1217
1.45,0.8,GALAXY,402
2.05,1.0,GALAXY,217
1.2,0.6,GALAXY,158
0.3,0.1,STAR,2184
2.05,0.8,GALAXY,123
1.15,0.5,GALAXY,1053
-0.05,0.2,QSO,347
1.45,1.2,GALAXY,247
1.9,0.9,GALAXY,511
0.7,1.1,GALAXY,49
0.15,0.05,QSO,778
1.45,1.0,GALAXY,424
1.2,0.9,GALAXY,176
0.45,0.1,QSO,343
0.4,0.35,GALAXY,267
2.05,0.95,GALAXY,178
1.25,1.05,GALAXY,203
1.05,0.45,GALAXY,1804
-0.1,0.2,QSO,220
1.35,0.8,GALAXY,346
1.4,1.35,GALAXY,101
0.3,0.1,QSO,604
0.85,0.2,STAR,66
1.55,0.9,GALAXY,661
1.45,1.45,STAR,47
1.5,1.3,STAR,90
0.95,0.5,STAR,28
1.0,0.3,QSO,24
0.1,0.0,QSO,642
0.6,0.35,STAR,113
-0.05,0.1,STAR,41
0.1,-0.05,STAR,226
1.35,0.45,GALAXY,209
1.1,0.35,GALAXY,73
0.75,0.55,GALAXY,102
1.2,1.0,GALAXY,149
0.25,-0.2,QSO,101
2.4,1.35,GALAXY,43
0.55,0.8,GALAXY,64
1.9,0.55,GALAXY,138
0.45,0.65,GALAXY,61
0.25,0.8,GALAXY,35
0.95,0.4,GALAXY,1590
0.55,0.75,GALAXY,71
0.55,0.1,QSO,159
0.5,0.4,GALAXY,305
0.5,0.4,QSO,86
0.4,0.3,GALAXY,459
0.65,0.85,GALAXY,76
1.0,0.85,GALAXY,123
0.75,0.5,GALAXY,332
0.55,1.05,GALAXY,37
0.25,0.35,GALAXY,59
1.8,0.75,GALAXY,692
0.2,0.1,GALAXY,75
0.85,0.2,GALAXY,34
0.9,0.35,GALAXY,399
-0.05,-0.2,STAR,31
1.2,1.4,STAR,25
2.15,1.05,GALAXY,147
0.25,0.05,STAR,791
2.2,1.35,GALAXY,37
0.45,0.05,STAR,165
1.35,1.2,STAR,71
0.1,0.05,STAR,300
1.6,1.5,STAR,32
1.15,1.05,GALAXY,159
0.7,0.65,QSO,26
0.55,0.3,STAR,321
0.05,0.15,QSO,638
0.85,0.55,GALAXY,181
0.95,0.45,STAR,78
0.35,0.4,QSO,121
0.7,0.35,GALAXY,918
0.35,0.0,STAR,175
0.45,-0.05,STAR,47
0.4,-0.1,QSO,151
0.95,1.05,GALAXY,73
0.45,0.2,QSO,218
0.95,0.5,QSO,41
0.35,0.55,GALAXY,58
-0.05,-0.1,STAR,174
1.4,1.1,STAR,85
0.5,0.35,STAR,66
0.95,0.8,GALAXY,124
1.5,1.0,STAR,103
1.25,1.25,GALAXY,89
1.4,1.0,GALAXY,335
2.0,0.95,GALAXY,279
2.65,1.05,GALAXY,34
2.15,1.25,GALAXY,110
1.35,0.95,GALAXY,301
0.4,0.3,STAR,98
0.6,0.75,GALAXY,74
2.95,1.1,GALAXY,21
0.3,0.0,STAR,224
2.6,1.1,GALAXY,48
0.55,0.35,STAR,82
0.3,-0.05,STAR,122
0.2,0.0,STAR,280
0.6,0.9,GALAXY,61
0.3,0.25,GALAXY,217
0.4,0.25,GALAXY,499
2.55,1.25,GALAXY,47
1.1,0.8,GALAXY,180
0.65,0.45,GALAXY,414
1.0,0.8,GALAXY,128
2.35,1.0,GALAXY,65
2.1,0.6,GALAXY,31
1.05,0.25,GALAXY,21
1.45,1.45,GALAXY,49
1.3,1.1,GALAXY,201
0.3,0.05,GALAXY,56
1.55,0.8,STAR,52
0.35,-0.05,GALAXY,33
2.75,1.15,GALAXY,28
2.1,0.7,GALAXY,44
0.75,0.35,QSO,48
1.75,1.5,GALAXY,32
0.0,0.15,GALAXY,25
0.5,0.7,GALAXY,71
1.8,1.4,GALAXY,70
0.9,1.15,GALAXY,45
1.05,0.75,GALAXY,134
2.4,1.2,GALAXY,63
1.1,1.1,GALAXY,105
0.6,0.4,QSO,79
0.2,0.55,QSO,38
0.45,0.5,GALAXY,65
0.05,-0.05,GALAXY,29
1.55,1.45,GALAXY,47
1.3,1.3,STAR,40
1.05,0.35,STAR,167
-0.1,0.05,QSO,137
0.8,1.1,GALAXY,53
1.9,1.5,GALAXY,23
1.25,0.45,STAR,121
0.0,0.15,STAR,44
0.9,0.2,STAR,27
0.25,0.1,GALAXY,107
0.0,-0.2,QSO,38
0.45,1.15,GALAXY,30
1.5,1.2,STAR,100
-0.05,-0.1,QSO,81
2.05,1.2,GALAXY,176
0.3,0.2,GALAXY,194
0.45,0.5,QSO,58
0.05,-0.2,QSO,63
2.2,0.75,GALAXY,24
1.65,1.5,GALAXY,40
1.35,0.4,GALAXY,26
1.9,1.15,STAR,21
0.55,-0.05,GALAXY,25
0.75,0.1,QSO,30
0.4,0.0,GALAXY,39
-0.25,-0.15,STAR,47
1.3,1.2,STAR,37
0.65,0.2,QSO,69
0.55,0.45,QSO,78
2.9,1.15,GALAXY,22
0.75,0.05,QSO,22
0.6,0.5,GALAXY,119
0.8,0.4,STAR,124
0.1,-0.25,QSO,44
2.6,1.3,GALAXY,24
2.85,1.1,GALAXY,21
0.25,0.9,GALAXY,29
1.45,1.2,STAR,107
1.2,1.1,STAR,24
0.95,0.55,QSO,35
1.0,0.7,GALAXY,100
0.35,0.05,GALAXY,43
0.05,-0.2,STAR,26
0.35,1.05,GALAXY,33
0.1,0.05,GALAXY,24
1.45,1.55,GALAXY,22
0.7,0.4,QSO,56
0.9,0.45,STAR,67
1.6,1.4,STAR,37
0.05,0.4,GALAXY,24
0.85,0.3,GALAXY,130
0.65,0.95,GALAXY,61
-0.25,0.25,QSO,28
2.05,1.4,GALAXY,60
2.3,1.4,GALAXY,21
0.75,1.15,GALAXY,30
0.9,0.35,QSO,24
0.8,0.15,STAR,42
1.75,1.1,STAR,25
0.1,-0.1,GALAXY,25
0.55,-0.2,QSO,25
1.55,1.5,STAR,39
1.6,1.85,STAR,25
2.15,0.8,GALAXY,27
0.7,0.55,QSO,21
0.75,1.2,GALAXY,25
0.4,-0.05,GALAXY,26
0.7,0.0,QSO,32
0.9,0.4,QSO,33
2.4,1.4,GALAXY,25
0.25,0.95,GALAXY,21
1.55,1.8,STAR,21
1.95,0.9,GALAXY,325
0.7,0.2,STAR,298
1.35,0.6,GALAXY,294
1.0,0.75,GALAXY,125
1.65,0.6,GALAXY,947
0.65,0.65,QSO,27
0.0,0.55,QSO,42
1.75,0.8,GALAXY,882
1.3,0.85,GALAXY,300
1.85,0.8,GALAXY,550
1.65,1.15,GALAXY,463
0.3,0.05,QSO,698
1.4,1.1,GALAXY,304
-0.2,0.3,QSO,50
0.3,0.15,STAR,1622
1.25,0.45,GALAXY,445
1.5,0.75,GALAXY,284
2.25,1.15,GALAXY,105
0.25,0.25,STAR,144
1.55,1.05,GALAXY,600
0.4,0.15,STAR,1711
1.1,0.6,GALAXY,129
1.35,0.85,GALAXY,321
1.8,1.0,GALAXY,691
1.15,0.45,GALAXY,1048
1.45,0.6,GALAXY,526
0.6,0.2,QSO,85
0.5,0.15,STAR,1005
0.35,0.9,GALAXY,47
0.9,0.45,GALAXY,2166
0.3,0.05,STAR,805
0.05,-0.1,QSO,251
0.2,0.25,QSO,559
0.4,0.2,QSO,300
1.65,0.8,GALAXY,802
1.05,0.5,GALAXY,1205
2.05,0.85,GALAXY,148
0.5,-0.2,QSO,33
0.55,0.35,GALAXY,871
0.6,0.2,GALAXY,84
1.9,1.1,GALAXY,423
2.0,1.0,GALAXY,271
0.2,-0.05,STAR,170
0.45,0.4,QSO,106
1.05,0.8,GALAXY,161
0.15,-0.15,QSO,199
0.9,0.5,GALAXY,884
0.25,-0.25,QSO,57
1.7,1.25,GALAXY,275
-0.2,0.1,QSO,61
0.1,0.25,GALAXY,35
1.0,0.4,STAR,189
0.8,0.35,QSO,38
0.8,0.45,GALAXY,1201
1.9,1.0,GALAXY,460
0.0,0.2,QSO,540
0.4,0.05,STAR,310
1.05,1.05,GALAXY,112
0.8,0.4,GALAXY,1758
0.15,-0.1,QSO,332
1.5,0.85,GALAXY,516
0.15,0.0,GALAXY,32
1.8,1.35,GALAXY,93
0.9,0.8,GALAXY,116
0.25,-0.15,QSO,207
0.55,0.4,GALAXY,513
1.95,1.1,GALAXY,363
1.7,1.1,GALAXY,597
0.35,0.5,GALAXY,63
2.1,0.95,GALAXY,148
0.25,0.15,STAR,908
0.45,0.35,STAR,58
0.6,0.35,GALAXY,974
0.85,0.4,GALAXY,1962
0.2,0.3,STAR,61
0.4,0.75,GALAXY,69
0.25,0.05,QSO,769
1.55,0.5,GALAXY,238
1.6,0.8,GALAXY,682
1.7,1.5,GALAXY,39
0.4,0.05,QSO,381
2.25,1.2,GALAXY,112
0.7,0.2,GALAXY,52
1.95,0.85,GALAXY,334
0.05,0.5,QSO,67
0.75,0.15,STAR,52
0.25,0.0,STAR,273
1.1,0.45,STAR,207
1.95,0.8,GALAXY,265
0.8,0.3,QSO,34
-0.1,0.1,STAR,26
0.3,0.2,STAR,472
1.35,0.6,STAR,106
1.15,0.4,STAR,182
0.25,0.6,QSO,30
2.3,1.0,GALAXY,59
0.3,-0.2,QSO,85
1.9,1.35,GALAXY,98
0.4,-0.25,QSO,32
0.1,0.4,QSO,231
1.7,1.15,GALAXY,503
1.3,0.8,GALAXY,269
1.15,0.4,GALAXY,276
0.55,0.05,QSO,112
1.55,0.7,GALAXY,241
1.2,0.75,GALAXY,185
1.15,1.15,GALAXY,98
2.1,1.0,GALAXY,147
0.85,0.75,GALAXY,122
2.0,0.75,GALAXY,122
0.6,0.25,GALAXY,209
0.9,0.95,GALAXY,83
0.6,0.45,GALAXY,241
0.3,0.85,GALAXY,34
0.65,1.0,GALAXY,47
-0.15,0.5,QSO,33
0.55,0.3,QSO,84
1.3,1.35,GALAXY,58
0.3,0.1,GALAXY,99
1.4,1.25,GALAXY,143
1.55,1.55,STAR,50
0.45,-0.05,QSO,206
0.35,-0.3,QSO,26
0.35,0.55,QSO,57
0.35,-0.05,STAR,78
-0.15,0.35,QSO,94
1.0,0.95,GALAXY,104
0.55,0.55,GALAXY,85
1.35,0.9,GALAXY,311
0.85,0.25,STAR,141
0.65,0.6,GALAXY,86
1.85,1.3,GALAXY,145
1.25,1.3,GALAXY,75
0.35,0.75,GALAXY,52
0.05,0.05,GALAXY,22
0.65,0.25,GALAXY,137
2.1,0.8,GALAXY,57
2.65,1.2,GALAXY,49
0.55,0.85,GALAXY,81
2.65,1.0,GALAXY,27
0.7,0.65,GALAXY,73
1.5,1.25,STAR,102
-0.25,0.3,QSO,27
1.8,1.3,GALAXY,151
1.45,0.45,GALAXY,91
0.05,0.3,GALAXY,30
0.6,0.05,QSO,68
2.1,1.2,GALAXY,168
0.85,0.9,GALAXY,71
0.55,0.1,STAR,155
1.7,0.95,STAR,26
0.5,0.05,GALAXY,48
0.1,-0.1,STAR,127
0.4,-0.15,STAR,23
2.0,1.45,GALAXY,29
2.8,1.15,GALAXY,28
1.5,1.25,GALAXY,208
1.55,1.35,STAR,55
0.75,0.9,GALAXY,60
1.4,1.55,GALAXY,22
1.55,1.5,GALAXY,33
1.9,1.3,GALAXY,113
0.0,-0.05,QSO,262
0.2,-0.1,STAR,83
1.2,1.2,GALAXY,96
1.65,1.15,STAR,54
0.8,0.6,QSO,23
2.0,1.2,GALAXY,189
1.5,1.5,STAR,52
1.6,1.6,STAR,29
0.8,0.95,GALAXY,72
1.7,1.1,STAR,32
0.25,-0.05,STAR,145
0.25,0.25,GALAXY,141
2.2,1.4,GALAXY,37
0.0,0.5,QSO,62
-0.15,0.55,QSO,29
0.05,0.05,STAR,181
1.8,1.5,GALAXY,24
2.15,1.4,GALAXY,29
2.2,1.0,GALAXY,88
0.75,0.55,QSO,33
0.85,1.15,GALAXY,37
1.65,1.1,STAR,52
0.6,-0.15,QSO,33
1.2,0.4,GALAXY,147
0.9,0.85,GALAXY,117
0.25,0.75,GALAXY,28
0.7,0.95,GALAXY,52
-0.1,-0.1,STAR,115
0.75,0.6,GALAXY,70
0.3,0.6,QSO,35
0.35,0.85,GALAXY,37
2.8,1.3,GALAXY,27
-0.05,0.15,STAR,31
2.75,1.3,GALAXY,34
-0.15,0.25,QSO,102
0.35,0.4,GALAXY,89
0.85,0.7,GALAXY,83
-0.15,-0.2,STAR,76
0.2,0.7,GALAXY,21
0.6,0.05,GALAXY,40
0.3,0.5,GALAXY,56
1.15,1.4,GALAXY,32
0.2,-0.2,STAR,28
0.75,0.3,QSO,44
1.55,1.05,STAR,89
-0.2,0.0,QSO,33
2.2,0.9,GALAXY,48
0.15,0.95,GALAXY,21
2.4,1.25,GALAXY,65
1.75,1.35,STAR,24
1.3,0.9,STAR,37
2.75,1.2,GALAXY,39
1.2,1.35,GALAXY,53
-0.15,0.4,QSO,83
0.6,1.1,GALAXY,28
1.45,0.55,STAR,49
0.1,0.6,QSO,28
0.35,1.1,GALAXY,27
0.4,1.1,GALAXY,29
0.3,0.0,GALAXY,45
0.9,0.45,QSO,36
1.25,1.35,STAR,21
1.25,0.4,STAR,45
1.45,1.5,GALAXY,29
0.2,0.2,GALAXY,82
1.65,1.3,STAR,34
0.25,0.4,GALAXY,40
1.0,1.3,GALAXY,21
1.6,0.9,STAR,36
1.25,0.9,STAR,25
1.55,1.65,STAR,25
0.7,0.0,GALAXY,30
0.3,1.0,GALAXY,23
-0.4,-0.3,STAR,44
-0.2,-0.15,STAR,89
0.9,1.25,GALAXY,26
2.8,1.25,GALAXY,32
1.55,0.65,STAR,21
-0.05,0.2,STAR,23
1.75,1.15,GALAXY,437
0.1,-0.05,QSO,454
1.8,0.65,GALAXY,1120
1.6,0.85,GALAXY,760
1.65,1.05,GALAXY,707
2.45,1.1,GALAXY,57
0.5,0.25,STAR,750
0.35,0.35,STAR,31
0.0,0.3,QSO,393
1.5,1.05,STAR,106
0.55,0.15,STAR,742
1.45,0.85,GALAXY,462
0.25,0.15,QSO,635
0.65,0.3,STAR,577
0.45,0.0,QSO,238
0.85,0.45,STAR,63
0.65,0.2,STAR,565
1.85,1.05,GALAXY,515
1.2,0.55,GALAXY,452
1.9,0.7,GALAXY,463
1.45,1.35,GALAXY,103
2.05,1.1,GALAXY,234
0.6,0.1,GALAXY,68
1.55,0.6,GALAXY,773
1.9,0.65,GALAXY,590
1.3,1.05,GALAXY,217
1.55,0.55,GALAXY,717
1.4,0.95,GALAXY,345
0.6,0.2,STAR,1175
0.9,0.4,GALAXY,1887
1.85,0.75,GALAXY,575
1.5,0.95,GALAXY,526
0.2,0.3,GALAXY,86
1.45,1.25,GALAXY,195
1.8,0.8,GALAXY,713
1.45,1.15,GALAXY,289
1.45,0.65,GALAXY,199
0.1,0.3,STAR,26
1.7,1.0,GALAXY,746
0.05,0.0,STAR,282
1.3,0.55,GALAXY,551
1.35,1.0,GALAXY,256
0.65,1.1,GALAXY,39
0.35,0.5,QSO,75
0.1,0.25,QSO,595
1.6,1.45,GALAXY,49
1.45,0.7,GALAXY,151
0.05,-0.05,QSO,400
0.05,0.2,QSO,686
2.05,1.3,GALAXY,98
0.1,-0.2,STAR,35
0.1,0.15,STAR,127
0.4,1.0,GALAXY,38
1.5,1.45,STAR,59
1.15,1.25,GALAXY,55
0.35,0.25,QSO,285
0.95,0.5,GALAXY,1030
0.65,0.35,STAR,195
1.35,1.0,STAR,68
1.8,1.1,GALAXY,547
1.95,1.25,GALAXY,191
1.0,0.45,GALAXY,2023
0.95,0.35,GALAXY,325
0.65,1.05,GALAXY,44
0.45,0.45,GALAXY,95
0.7,0.25,STAR,757
1.75,1.45,GALAXY,48
0.85,1.05,GALAXY,66
1.15,0.85,GALAXY,178
0.55,1.0,GALAXY,47
0.95,0.9,GALAXY,119
1.6,1.35,STAR,49
1.35,0.75,GALAXY,225
2.45,1.3,GALAXY,35
0.9,0.4,STAR,196
0.5,0.1,QSO,214
0.4,0.6,GALAXY,72
0.15,-0.05,STAR,178
1.4,1.05,GALAXY,357
0.65,0.1,STAR,76
2.0,1.15,GALAXY,260
0.75,0.15,QSO,40
-0.05,0.35,QSO,210
1.75,0.6,GALAXY,912
2.5,1.15,GALAXY,62
0.4,0.1,GALAXY,65
0.65,0.9,GALAXY,70
1.8,1.15,GALAXY,460
0.5,0.25,QSO,136
0.25,-0.2,GALAXY,22
1.75,1.25,STAR,23
0.6,0.85,GALAXY,79
2.15,0.9,GALAXY,77
0.25,-0.3,QSO,30
0.4,0.15,QSO,377
0.75,0.7,GALAXY,88
-0.1,0.25,QSO,207
0.65,0.55,GALAXY,88
0.1,0.05,QSO,740
1.55,0.45,GALAXY,44
1.25,0.9,GALAXY,190
-0.15,0.1,QSO,99
0.6,0.1,QSO,119
1.5,1.55,STAR,41
0.95,1.0,GALAXY,82
0.9,0.3,STAR,282
0.5,0.8,GALAXY,68
-0.1,0.3,QSO,195
1.35,0.7,GALAXY,105
1.55,1.3,STAR,71
0.4,0.5,QSO,54
0.75,0.4,QSO,53
0.5,0.25,GALAXY,449
1.05,0.4,STAR,273
2.1,0.85,GALAXY,100
0.55,0.25,QSO,108
1.2,0.45,STAR,186
0.45,1.0,GALAXY,45
0.2,-0.1,QSO,344
1.6,1.5,GALAXY,29
1.45,1.4,STAR,66
1.25,0.6,GALAXY,205
1.65,1.3,GALAXY,154
1.55,1.2,GALAXY,319
0.05,0.1,STAR,128
1.95,1.3,GALAXY,112
1.0,0.35,GALAXY,198
1.15,1.35,GALAXY,40
0.3,0.3,GALAXY,130
1.7,1.2,GALAXY,336
1.05,1.2,GALAXY,59
1.6,0.45,GALAXY,38
0.7,1.05,GALAXY,56
1.55,0.95,STAR,72
2.25,1.1,GALAXY,93
1.3,0.9,GALAXY,273
-0.15,-0.05,QSO,34
0.35,0.15,GALAXY,188
0.45,0.15,GALAXY,123
0.8,0.9,GALAXY,64
0.55,0.0,STAR,50
0.7,0.15,QSO,49
1.25,0.85,GALAXY,238
0.35,0.3,GALAXY,282
0.6,0.3,QSO,61
0.3,0.6,GALAXY,46
0.8,0.75,GALAXY,112
0.05,0.15,STAR,84
1.4,0.65,GALAXY,125
0.6,1.0,GALAXY,63
0.95,0.2,GALAXY,24
0.45,0.85,GALAXY,55
2.4,1.3,GALAXY,58
2.6,1.0,GALAXY,27
1.65,1.35,STAR,35
0.0,-0.05,STAR,251
1.25,0.5,STAR,141
0.15,0.3,GALAXY,35
0.4,0.5,GALAXY,72
0.15,-0.2,QSO,105
0.15,0.0,STAR,331
0.75,0.6,QSO,26
1.85,1.25,GALAXY,209
1.5,0.9,STAR,116
0.55,0.2,QSO,135
0.7,1.0,GALAXY,48
2.2,0.95,GALAXY,75
0.5,0.2,GALAXY,188
0.7,0.15,STAR,77
0.0,0.45,QSO,108
2.2,1.15,GALAXY,142
1.5,0.7,GALAXY,180
0.9,1.0,GALAXY,81
2.9,1.05,GALAXY,21
1.65,1.5,STAR,30
2.3,0.95,GALAXY,38
0.55,0.0,GALAXY,34
1.0,1.1,GALAXY,67
1.75,1.35,GALAXY,102
0.8,1.2,GALAXY,28
0.65,0.2,GALAXY,79
1.3,0.85,STAR,26
1.45,1.4,GALAXY,65
1.8,1.45,GALAXY,45
1.5,1.15,STAR,95
0.4,0.65,QSO,27
2.3,1.45,GALAXY,21
0.65,0.7,GALAXY,93
1.3,1.45,STAR,32
1.2,0.4,STAR,108
-0.1,0.05,STAR,33
1.0,1.4,GALAXY,24
0.95,1.3,GALAXY,21
-0.05,0.6,QSO,28
0.4,-0.1,STAR,32
1.2,0.65,GALAXY,65
0.2,-0.3,QSO,22
1.2,0.55,STAR,82
-0.2,0.35,QSO,52
1.7,1.15,STAR,35
0.15,0.35,GALAXY,45
1.4,0.45,GALAXY,157
-0.1,0.15,QSO,203
0.5,0.65,GALAXY,61
0.2,0.85,GALAXY,30
0.3,0.35,GALAXY,116
-0.1,0.4,QSO,104
2.1,1.4,GALAXY,38
0.6,0.05,STAR,66
0.1,0.8,GALAXY,25
1.1,0.35,STAR,111
-0.3,-0.15,STAR,26
0.9,0.55,QSO,22
0.6,0.0,STAR,24
2.45,1.35,GALAXY,33
0.7,0.1,GALAXY,42
0.95,0.7,GALAXY,94
0.5,1.1,GALAXY,33
0.15,-0.1,STAR,95
2.45,1.15,GALAXY,60
2.2,1.3,GALAXY,73
0.75,1.0,GALAXY,51
1.15,1.3,GALAXY,37
-0.15,-0.15,QSO,21
0.25,0.3,STAR,76
2.15,1.45,GALAXY,29
1.6,1.35,GALAXY,100
1.4,1.25,STAR,99
1.4,0.9,STAR,79
1.1,1.25,GALAXY,47
0.15,0.25,GALAXY,53
1.7,0.5,GALAXY,78
1.55,1.45,STAR,52
0.75,0.85,GALAXY,62
1.0,1.2,GALAXY,66
1.6,1.9,STAR,28
0.2,-0.2,QSO,120
1.35,1.5,STAR,21
-0.3,-0.25,STAR,56
-0.15,-0.25,STAR,37
1.55,0.75,STAR,43
2.6,1.25,GALAXY,36
2.7,1.1,GALAXY,25
-0.35,-0.35,STAR,21
1.3,0.95,STAR,33
1.35,0.85,STAR,55
1.05,0.55,STAR,34
-0.2,-0.25,STAR,37
2.45,1.0,GALAXY,46
0.05,0.25,STAR,28
1.55,1.6,STAR,23
1.0,0.25,STAR,30
-0.1,-0.15,QSO,37
0.2,0.4,STAR,22
0.5,0.7,QSO,21
0.2,-0.05,GALAXY,39
2.7,1.3,GALAXY,27
0.1,0.25,STAR,56
0.8,1.15,GALAXY,33
1.3,0.55,STAR,123
1.25,1.5,STAR,21
-0.45,-0.25,STAR,26
0.25,0.65,GALAXY,38
1.05,0.15,GALAXY,25
1.6,0.8,STAR,43
1.25,0.5,GALAXY,817
1.4,0.55,GALAXY,742
0.35,0.15,STAR,1844
0.85,0.3,STAR,369
1.7,0.8,GALAXY,833
1.45,0.95,STAR,123
0.45,0.3,STAR,125
0.35,0.0,QSO,506
0.65,0.05,QSO,74
0.35,0.1,STAR,1784
1.25,1.15,GALAXY,131
1.2,1.05,GALAXY,162
1.55,1.25,GALAXY,215
1.8,1.2,GALAXY,297
1.3,1.4,GALAXY,45
1.75,1.05,GALAXY,656
1.65,0.65,GALAXY,874
1.65,0.85,GALAXY,838
1.55,0.8,GALAXY,565
1.3,0.5,GALAXY,706
0.15,0.25,QSO,583
1.65,1.1,GALAXY,591
1.45,1.1,STAR,115
0.2,0.2,QSO,614
1.65,0.95,GALAXY,856
1.9,0.95,GALAXY,416
1.65,1.4,GALAXY,92
1.25,1.1,STAR,27
1.75,0.95,GALAXY,835
0.25,0.0,QSO,688
1.4,0.5,GALAXY,559
1.1,0.75,GALAXY,158
1.9,1.05,GALAXY,444
1.65,1.2,GALAXY,373
-0.05,0.3,QSO,322
1.5,1.5,GALAXY,28
0.3,0.3,QSO,313
0.6,0.95,GALAXY,42
1.85,1.45,GALAXY,55
0.3,-0.15,QSO,176
1.25,1.1,GALAXY,162
1.45,1.05,GALAXY,454
0.85,0.5,GALAXY,625
0.45,0.8,GALAXY,73
1.4,0.6,STAR,91
-0.15,0.6,QSO,24
0.65,0.4,GALAXY,1046
0.45,0.25,GALAXY,565
1.95,0.6,GALAXY,210
1.1,0.5,GALAXY,1151
0.15,0.5,QSO,71
0.45,0.2,GALAXY,285
1.1,0.95,GALAXY,142
1.95,0.65,GALAXY,307
0.1,0.3,GALAXY,25
0.3,0.3,STAR,89
0.8,0.25,STAR,240
2.75,1.1,GALAXY,28
1.7,1.4,GALAXY,73
1.45,0.9,GALAXY,464
1.15,0.9,GALAXY,175
1.35,1.05,GALAXY,271
1.1,0.3,GALAXY,25
0.85,0.35,QSO,40
0.05,-0.1,STAR,130
0.4,0.1,QSO,389
-0.25,-0.2,STAR,64
1.2,0.7,GALAXY,131
1.6,1.05,STAR,57
1.6,1.3,GALAXY,162
0.55,0.15,GALAXY,98
0.2,0.2,STAR,201
-0.1,0.0,QSO,110
0.25,0.5,QSO,84
0.1,0.5,QSO,81
1.4,0.55,STAR,55
0.95,0.4,STAR,196
1.4,1.0,STAR,108
0.0,-0.1,QSO,149
0.55,0.4,QSO,97
1.3,0.6,GALAXY,235
1.85,1.2,GALAXY,302
0.2,-0.15,STAR,44
0.05,-0.15,QSO,122
0.05,-0.05,STAR,272
0.6,0.3,STAR,436
1.55,1.4,GALAXY,73
0.0,1.15,GALAXY,21
0.3,0.25,STAR,159
1.4,0.6,GALAXY,411
1.75,1.2,GALAXY,332
2.0,0.6,GALAXY,96
1.5,0.85,STAR,78
1.75,0.85,GALAXY,866
0.3,0.55,QSO,48
0.9,0.55,GALAXY,259
1.45,1.1,GALAXY,354
1.5,1.2,GALAXY,290
0.1,0.4,GALAXY,21
0.3,-0.35,QSO,22
0.85,0.35,GALAXY,535
-0.2,0.4,QSO,55
0.0,0.0,STAR,171
0.15,0.15,STAR,186
0.35,0.0,GALAXY,35
0.4,0.15,GALAXY,168
1.3,1.5,GALAXY,23
1.3,1.05,STAR,42
0.9,0.6,GALAXY,94
1.05,0.4,GALAXY,777
0.45,-0.1,QSO,124
0.2,0.05,GALAXY,65
0.5,0.45,GALAXY,130
1.2,1.4,GALAXY,33
0.75,0.25,GALAXY,85
2.1,1.25,GALAXY,109
1.75,1.25,GALAXY,221
0.75,0.2,GALAXY,50
1.35,1.2,GALAXY,179
2.5,1.1,GALAXY,52
0.6,0.1,STAR,119
0.5,1.05,GALAXY,38
1.45,0.9,STAR,105
0.5,0.65,QSO,34
1.4,0.8,STAR,70
1.5,1.4,STAR,55
2.15,1.3,GALAXY,73
0.95,0.45,QSO,22
1.05,1.3,GALAXY,31
0.6,1.05,GALAXY,49
2.55,1.0,GALAXY,23
2.45,1.25,GALAXY,52
-0.05,0.5,QSO,66
0.65,0.15,STAR,198
0.15,0.2,GALAXY,61
1.5,1.65,STAR,29
1.75,1.3,STAR,23
1.55,1.15,STAR,82
0.05,0.2,GALAXY,31
1.25,0.65,GALAXY,73
0.3,-0.1,GALAXY,24
1.4,0.95,STAR,78
2.55,1.3,GALAXY,32
0.1,0.1,STAR,195
0.8,0.3,GALAXY,155
0.8,0.8,GALAXY,101
2.5,1.35,GALAXY,23
1.2,0.95,GALAXY,167
0.4,0.4,STAR,27
2.5,1.0,GALAXY,29
0.35,0.1,GALAXY,92
1.15,0.65,GALAXY,73
0.7,1.15,GALAXY,30
0.9,0.5,STAR,36
1.95,1.45,GALAXY,36
0.0,-0.15,STAR,70
-0.25,0.1,QSO,24
1.45,1.35,STAR,80
1.35,0.55,STAR,97
1.65,0.5,GALAXY,109
1.15,0.5,QSO,21
0.7,0.6,QSO,37
1.45,1.6,STAR,37
1.1,1.35,GALAXY,22
-0.1,-0.05,STAR,92
0.3,-0.3,QSO,28
0.05,0.2,STAR,55
0.2,1.05,GALAXY,24
0.3,0.65,GALAXY,44
0.1,0.55,GALAXY,27
1.0,0.25,GALAXY,39
2.65,1.25,GALAXY,34
2.6,1.05,GALAXY,29
0.95,0.25,GALAXY,33
2.55,1.05,GALAXY,44
0.9,0.15,STAR,21
0.15,0.35,STAR,23
2.2,0.85,GALAXY,30
2.95,1.2,GALAXY,24
-0.5,-0.3,STAR,26
1.55,0.85,STAR,93
1.55,0.6,STAR,21
0.8,1.05,GALAXY,64
1.9,1.45,GALAXY,35
0.35,-0.2,QSO,66
0.0,0.05,STAR,87
0.85,0.95,GALAXY,53
0.2,0.0,GALAXY,49
1.2,1.3,GALAXY,56
2.3,0.9,GALAXY,28
0.5,0.55,GALAXY,77
0.25,0.0,GALAXY,51
-0.3,0.2,QSO,28
0.2,0.5,QSO,64
0.4,0.65,GALAXY,48
0.65,0.4,STAR,36
2.7,1.35,GALAXY,21
2.4,1.0,GALAXY,42
0.55,0.6,GALAXY,70
0.9,0.5,QSO,27
0.2,0.95,GALAXY,22
0.95,0.65,GALAXY,72
1.55,0.7,STAR,36
2.85,1.2,GALAXY,25
0.8,0.2,QSO,39
0.6,0.0,GALAXY,22
1.65,0.85,STAR,30
1.8,1.2,STAR,21
1.45,0.8,STAR,95
0.85,0.45,QSO,43
-0.15,-0.05,STAR,53
0.45,-0.25,QSO,27
-0.05,0.15,GALAXY,28
1.5,0.65,STAR,41
1.85,0.5,GALAXY,41
0.0,-0.05,GALAXY,26
0.0,0.05,GALAXY,21
1.25,0.4,GALAXY,76
0.05,0.25,GALAXY,21
0.65,1.2,GALAXY,26
-0.05,-0.2,QSO,30
0.75,0.1,STAR,27
0.15,0.45,GALAXY,26
0.95,0.3,QSO,26
0.35,0.1,QSO,543
2.0,1.35,GALAXY,79
1.4,1.4,GALAXY,69
1.25,1.45,STAR,22
0.15,0.05,STAR,385
0.4,0.25,QSO,225
1.5,0.55,GALAXY,764
0.6,0.4,STAR,29
2.15,1.2,GALAXY,134
0.65,0.3,QSO,56
0.7,0.35,STAR,239
0.15,0.45,QSO,136
0.05,0.35,QSO,371
-0.05,0.05,QSO,276
1.75,0.7,GALAXY,927
0.55,-0.1,QSO,69
1.85,0.6,GALAXY,591
1.65,0.7,GALAXY,540
0.5,0.2,QSO,199
1.7,0.9,GALAXY,911
1.6,0.9,GALAXY,761
0.3,0.15,QSO,509
2.3,1.2,GALAXY,92
0.0,0.1,QSO,465
1.4,0.9,GALAXY,362
1.7,0.6,GALAXY,1016
1.3,0.95,GALAXY,228
1.55,0.75,GALAXY,316
1.0,0.9,GALAXY,123
1.45,1.3,GALAXY,146
0.25,-0.05,QSO,583
2.1,1.1,GALAXY,210
1.35,1.25,STAR,62
2.2,1.05,GALAXY,118
0.2,0.05,QSO,865
1.65,1.25,GALAXY,276
0.35,0.3,STAR,84
0.55,0.0,QSO,113
0.35,-0.05,QSO,354
0.35,0.2,STAR,736
1.95,1.15,GALAXY,283
0.45,0.6,GALAXY,87
1.9,0.6,GALAXY,357
0.15,0.15,GALAXY,65
1.55,1.1,GALAXY,562
1.35,1.5,GALAXY,28
0.45,0.9,GALAXY,47
0.4,0.25,STAR,278
1.35,1.3,GALAXY,102
0.1,0.3,QSO,512
-0.05,0.0,STAR,81
0.95,0.35,STAR,314
0.7,0.8,GALAXY,84
1.1,1.15,GALAXY,76
0.05,0.25,QSO,618
0.95,1.2,GALAXY,43
1.05,0.85,GALAXY,156
0.45,0.05,QSO,269
0.5,0.05,QSO,205
0.45,1.1,GALAXY,32
0.25,0.35,QSO,287
1.85,0.95,GALAXY,565
1.9,0.85,GALAXY,457
0.3,0.2,QSO,414
0.45,0.7,GALAXY,59
0.4,0.45,GALAXY,66
0.7,0.4,GALAXY,1288
0.45,0.35,GALAXY,446
0.9,0.25,STAR,89
0.4,0.35,QSO,152
1.25,0.8,GALAXY,248
0.25,0.2,GALAXY,126
1.95,0.75,GALAXY,231
0.9,0.3,GALAXY,100
0.15,-0.05,QSO,556
1.35,1.15,GALAXY,211
1.15,0.95,GALAXY,144
1.05,1.35,GALAXY,30
2.35,1.2,GALAXY,80
1.15,1.2,GALAXY,84
1.8,0.9,GALAXY,759
1.6,0.95,GALAXY,754
0.1,-0.1,QSO,315
0.45,0.6,QSO,31
0.55,0.25,GALAXY,314
1.45,1.55,STAR,28
0.5,0.05,STAR,101
2.7,1.2,GALAXY,45
1.1,1.0,GALAXY,127
0.5,0.35,QSO,97
1.6,1.8,STAR,22
1.6,1.55,STAR,26
0.45,0.25,QSO,165
0.2,-0.05,QSO,549
1.55,0.85,GALAXY,662
1.75,1.4,STAR,21
0.3,0.4,QSO,170
0.1,0.35,GALAXY,27
0.35,0.05,QSO,520
0.25,0.4,QSO,161
0.55,0.2,STAR,1744
1.2,0.35,GALAXY,27
1.55,1.25,STAR,78
-0.05,0.25,QSO,402
-0.05,0.15,QSO,341
0.35,-0.1,STAR,50
0.45,0.55,QSO,47
0.0,-0.1,STAR,150
1.45,1.0,STAR,127
1.3,1.0,GALAXY,231
1.15,1.3,STAR,26
1.4,1.05,STAR,98
0.5,0.35,GALAXY,666
0.35,0.3,QSO,247
0.35,0.7,GALAXY,43
0.5,0.3,STAR,205
1.35,1.05,STAR,81
1.3,1.15,GALAXY,168
0.35,0.35,GALAXY,175
0.6,0.4,GALAXY,697
0.8,0.55,GALAXY,139
0.55,0.6,QSO,25
0.75,0.3,GALAXY,183
0.6,0.5,QSO,55
0.1,0.5,GALAXY,22
0.8,0.35,GALAXY,673
1.5,1.1,STAR,93
0.55,0.3,GALAXY,734
0.55,0.95,GALAXY,53
2.85,1.3,GALAXY,26
-0.25,-0.25,STAR,56
1.4,1.2,STAR,87
1.6,0.5,GALAXY,171
2.0,0.7,GALAXY,153
0.65,0.15,QSO,61
0.45,0.55,GALAXY,87
2.25,1.3,GALAXY,73
1.55,1.3,GALAXY,146
0.4,0.4,GALAXY,147
1.35,1.45,STAR,40
0.6,0.0,QSO,75
1.6,0.75,STAR,29
0.45,0.45,QSO,76
1.1,1.2,GALAXY,53
2.1,0.75,GALAXY,41
1.55,1.0,STAR,88
1.5,1.45,GALAXY,42
0.8,1.0,GALAXY,57
1.65,1.45,GALAXY,43
1.7,1.45,GALAXY,47
0.95,0.25,STAR,63
1.7,1.4,STAR,22
1.7,1.2,STAR,27
2.25,1.35,GALAXY,61
-0.05,-0.05,QSO,158
-0.15,-0.15,STAR,124
0.95,0.3,STAR,214
0.7,0.85,GALAXY,88
2.05,1.15,GALAXY,255
0.8,0.7,GALAXY,107
0.3,-0.25,QSO,59
1.0,1.15,STAR,22
0.1,0.2,STAR,81
0.45,0.4,STAR,31
0.65,0.05,STAR,23
0.35,0.8,GALAXY,55
0.65,0.0,QSO,58
1.5,0.6,STAR,28
0.75,0.4,STAR,80
1.4,1.3,STAR,71
1.1,1.4,GALAXY,30
1.35,1.4,GALAXY,54
1.45,1.5,STAR,55
0.1,-0.15,QSO,159
0.8,0.25,GALAXY,84
0.3,0.8,GALAXY,40
1.5,1.6,STAR,32
0.5,0.6,QSO,26
1.2,1.15,GALAXY,102
0.2,0.15,GALAXY,76
1.1,0.3,STAR,27
0.6,0.7,GALAXY,71
1.6,1.0,STAR,41
1.85,1.4,GALAXY,66
1.5,1.95,STAR,26
1.05,0.5,QSO,21
0.15,0.05,GALAXY,49
0.2,0.45,GALAXY,34
1.25,0.7,STAR,26
2.35,1.35,GALAXY,46
-0.25,0.45,QSO,24
0.4,0.6,QSO,35
0.3,0.75,GALAXY,25
2.8,1.2,GALAXY,37
0.05,-0.25,QSO,30
1.15,0.7,GALAXY,103
2.45,1.2,GALAXY,54
0.55,0.55,QSO,33
2.7,1.25,GALAXY,26
0.9,0.2,GALAXY,34
1.15,0.6,STAR,24
0.85,0.4,STAR,150
0.15,0.5,GALAXY,23
0.7,0.5,QSO,32
0.0,0.2,GALAXY,27
0.55,0.65,QSO,23
1.7,1.55,GALAXY,22
0.75,0.45,QSO,66
1.05,0.45,STAR,148
1.15,0.35,GALAXY,35
0.5,0.55,QSO,41
0.7,0.3,GALAXY,302
1.7,1.0,STAR,26
1.35,1.35,STAR,63
2.5,0.95,GALAXY,24
0.55,0.05,GALAXY,42
0.15,0.65,GALAXY,22
2.95,1.15,GALAXY,23
0.15,0.25,STAR,67
0.2,0.35,GALAXY,47
1.25,1.55,GALAXY,21
2.6,1.2,GALAXY,35
1.1,0.65,GALAXY,74
0.85,1.0,GALAXY,76
1.75,1.4,GALAXY,76
0.25,0.55,GALAXY,30
-0.15,0.0,QSO,51
1.3,1.25,STAR,35
0.05,0.15,GALAXY,27
-0.05,-0.15,QSO,53
-0.5,-0.4,STAR,22
0.8,0.55,QSO,23
-0.25,-0.1,STAR,29
-0.4,-0.25,STAR,52
1.3,1.4,STAR,28
-0.1,-0.2,QSO,21
0.15,0.6,QSO,26
-0.3,-0.35,STAR,28
1.6,2.0,STAR,22
-0.05,-0.25,QSO,21
1.65,0.75,STAR,21
2.0,1.05,GALAXY,288
1.15,1.0,GALAXY,201
0.15,0.15,QSO,709
1.0,1.15,GALAXY,58
0.3,-0.05,QSO,438
1.65,0.9,GALAXY,855
0.15,0.1,QSO,796
0.15,0.0,QSO,714
1.7,0.95,GALAXY,898
0.0,0.25,QSO,500
0.0,0.35,QSO,301
1.5,0.95,STAR,118
0.85,0.5,STAR,29
-0.05,0.45,QSO,105
0.45,0.35,QSO,126
0.25,0.2,QSO,568
1.2,0.45,GALAXY,674
0.4,-0.05,QSO,291
1.3,1.25,GALAXY,108
1.7,0.75,GALAXY,695
1.05,1.1,GALAXY,76
1.75,0.9,GALAXY,908
1.75,1.1,GALAXY,583
2.8,1.1,GALAXY,27
1.85,1.35,GALAXY,87
1.0,0.65,GALAXY,90
0.95,0.45,GALAXY,2178
1.5,1.35,GALAXY,99
0.3,0.25,QSO,339
0.25,0.1,QSO,713
1.1,1.05,GALAXY,152
0.9,0.9,GALAXY,89
1.8,0.95,GALAXY,730
2.05,0.9,GALAXY,173
0.5,0.15,QSO,210
1.65,0.75,GALAXY,575
1.3,0.65,GALAXY,102
0.9,0.35,STAR,346
1.7,0.85,GALAXY,911
1.8,0.85,GALAXY,861
0.35,0.2,GALAXY,302
0.7,0.2,QSO,60
1.0,1.25,GALAXY,34
2.35,1.1,GALAXY,64
0.25,0.2,STAR,290
0.5,0.3,GALAXY,730
1.5,1.05,GALAXY,526
0.45,-0.15,QSO,84
0.4,0.0,QSO,346
1.05,0.3,STAR,58
1.1,0.5,STAR,104
2.2,1.1,GALAXY,126
0.3,0.95,GALAXY,25
0.85,0.3,QSO,29
1.6,0.7,GALAXY,345
0.85,1.1,GALAXY,45
0.2,0.4,QSO,205
0.65,0.4,QSO,73
1.15,0.55,GALAXY,431
1.85,1.15,GALAXY,381
0.2,0.1,QSO,760
1.95,0.7,GALAXY,267
1.0,0.4,GALAXY,1240
2.05,1.25,GALAXY,149
1.85,0.65,GALAXY,857
1.95,1.05,GALAXY,359
0.8,0.2,GALAXY,43
1.4,1.4,STAR,51
0.45,0.1,GALAXY,64
0.85,0.45,GALAXY,1646
0.55,0.2,GALAXY,137
0.95,0.55,GALAXY,286
1.8,0.55,GALAXY,250
2.05,1.45,GALAXY,35
-0.1,0.35,QSO,125
1.6,1.2,STAR,67
1.6,1.0,GALAXY,795
1.35,0.65,STAR,93
2.15,1.1,GALAXY,176
0.55,0.35,QSO,83
0.9,0.1,GALAXY,22
0.75,0.15,GALAXY,25
0.9,0.65,GALAXY,75
0.35,0.25,STAR,206
0.7,0.1,QSO,34
1.6,1.15,GALAXY,440
1.25,1.0,GALAXY,186
0.6,0.15,GALAXY,75
0.15,0.2,QSO,595
0.2,0.3,QSO,418
0.6,0.35,QSO,74
1.0,1.0,GALAXY,109
0.3,-0.1,QSO,303
1.0,1.05,GALAXY,101
0.6,0.65,GALAXY,79
0.5,0.0,STAR,65
2.05,1.05,GALAXY,215
0.2,-0.35,QSO,27
-0.25,0.4,QSO,23
1.7,1.05,STAR,27
-0.3,-0.2,STAR,70
1.35,1.35,GALAXY,86
0.45,0.3,QSO,162
0.15,0.35,QSO,368
2.15,1.0,GALAXY,115
2.15,0.7,GALAXY,31
0.65,0.35,QSO,58
1.1,0.4,GALAXY,469
0.95,0.75,GALAXY,125
1.5,0.8,GALAXY,449
2.15,0.85,GALAXY,49
0.6,0.55,GALAXY,84
1.3,1.1,STAR,37
1.1,0.45,GALAXY,1496
0.55,0.65,GALAXY,83
1.4,1.15,GALAXY,265
0.35,0.45,QSO,86
-0.2,0.2,QSO,69
0.35,0.25,GALAXY,391
-0.1,0.1,QSO,189
0.3,0.4,GALAXY,70
0.4,0.85,GALAXY,58
1.5,1.3,GALAXY,135
0.25,0.45,GALAXY,39
0.6,0.3,GALAXY,564
0.75,0.95,GALAXY,56
0.8,0.15,GALAXY,28
2.35,1.25,GALAXY,66
1.9,1.15,GALAXY,324
0.15,0.8,GALAXY,37
0.1,0.55,QSO,46
2.2,1.25,GALAXY,78
0.75,0.8,GALAXY,86
0.75,0.1,GALAXY,27
1.65,1.05,STAR,41
1.25,1.2,STAR,27
1.55,1.2,STAR,73
1.4,1.15,STAR,114
1.4,1.45,GALAXY,47
1.5,1.35,STAR,89
0.2,0.1,STAR,597
2.65,1.15,GALAXY,45
1.0,1.35,GALAXY,24
-0.2,0.45,QSO,25
0.45,-0.2,QSO,53
0.5,0.15,GALAXY,88
2.0,0.65,GALAXY,153
1.3,1.45,GALAXY,38
0.25,0.15,GALAXY,128
0.2,0.25,STAR,103
0.7,0.6,GALAXY,96
2.55,1.35,GALAXY,31
1.3,0.4,GALAXY,59
2.3,1.35,GALAXY,44
1.8,1.25,STAR,27
0.4,0.0,STAR,108
0.55,0.4,STAR,27
1.3,1.15,STAR,56
-0.2,0.25,QSO,52
0.75,0.5,QSO,34
0.55,-0.05,QSO,99
0.55,-0.05,STAR,25
1.0,1.5,GALAXY,21
0.8,0.2,STAR,72
0.55,0.5,QSO,51
0.25,-0.2,STAR,31
1.55,1.4,STAR,47
1.3,0.6,STAR,105
1.1,0.9,GALAXY,140
2.5,1.3,GALAXY,24
2.35,1.05,GALAXY,65
1.25,1.05,STAR,30
1.45,0.85,STAR,98
2.45,1.4,GALAXY,36
1.05,0.25,STAR,25
1.5,0.75,STAR,75
0.2,0.8,GALAXY,36
1.55,1.1,STAR,91
1.25,1.2,GALAXY,103
0.3,0.5,QSO,70
0.95,0.85,GALAXY,90
-0.15,0.45,QSO,63
2.5,1.25,GALAXY,49
0.8,0.5,QSO,36
1.1,0.7,GALAXY,123
-0.25,0.15,QSO,34
2.3,1.3,GALAXY,46
1.05,1.0,GALAXY,115
1.3,0.7,STAR,48
2.75,1.25,GALAXY,28
0.05,0.0,GALAXY,30
-0.15,0.0,STAR,27
0.8,0.4,QSO,27
1.0,0.5,STAR,51
0.4,0.55,GALAXY,64
1.35,1.4,STAR,35
0.3,0.15,GALAXY,145
0.7,0.75,GALAXY,90
0.45,0.05,GALAXY,46
1.7,1.25,STAR,25
1.35,0.7,STAR,54
-0.15,-0.1,QSO,23
-0.1,0.5,QSO,56
0.5,0.5,QSO,62
0.5,1.0,GALAXY,34
0.4,0.05,GALAXY,46
2.55,1.15,GALAXY,37
0.55,-0.15,QSO,46
0.8,0.65,GALAXY,76
0.45,0.65,QSO,29
0.85,1.2,GALAXY,32
1.25,1.4,GALAXY,37
0.1,0.1,GALAXY,43
1.45,0.65,STAR,75
2.25,1.4,GALAXY,27
2.0,0.55,GALAXY,33
2.35,1.3,GALAXY,51
1.45,1.25,STAR,85
0.1,-0.3,QSO,22
-0.25,0.0,QSO,21
0.8,0.1,QSO,24
0.65,-0.15,QSO,24
-0.05,0.55,QSO,37
1.25,0.55,STAR,121
2.5,1.05,GALAXY,46
1.35,1.15,STAR,64
0.35,0.65,QSO,27
0.1,0.95,GALAXY,21
0.5,0.9,GALAXY,57
1.25,1.45,GALAXY,29
1.4,1.5,GALAXY,23
1.05,0.2,GALAXY,24
2.05,0.6,GALAXY,44
1.6,1.45,STAR,39
0.25,-0.1,GALAXY,24
1.2,0.65,STAR,27
0.0,0.2,STAR,44
0.1,0.0,GALAXY,34
0.05,0.3,STAR,22
2.55,1.1,GALAXY,46
0.35,-0.15,STAR,21
1.0,0.2,GALAXY,30
1.5,1.9,STAR,24
0.2,0.6,GALAXY,32
1.25,0.6,STAR,72
-0.5,-0.35,STAR,31
-0.3,-0.3,STAR,50
2.6,1.35,GALAXY,22
1.55,1.85,STAR,29
0.85,0.25,QSO,26
0.95,1.25,GALAXY,40
1.25,0.65,STAR,26
0.15,-0.15,GALAXY,21
1.4,0.5,STAR,26
0.55,0.7,GALAXY,72
-0.4,-0.35,STAR,34
2.65,1.3,GALAXY,23
2.65,1.1,GALAXY,34
1.8,0.6,GALAXY,837
0.6,0.15,STAR,429
0.5,0.1,STAR,273
1.0,0.35,STAR,289
0.05,0.3,QSO,507
0.25,0.1,STAR,1544
0.35,0.35,QSO,189
1.1,0.4,STAR,248
0.8,0.35,STAR,310
1.55,1.9,STAR,32
0.35,0.6,QSO,38
0.2,0.45,QSO,137
1.75,1.0,GALAXY,758
1.7,1.05,GALAXY,708
0.75,0.25,STAR,402
1.6,0.55,GALAXY,595
0.7,0.05,QSO,38
0.15,0.3,QSO,444
0.1,0.2,QSO,651
1.45,0.55,GALAXY,802
1.4,0.8,GALAXY,350
1.6,1.1,STAR,63
1.45,0.95,GALAXY,425
1.5,1.1,GALAXY,457
1.95,1.2,GALAXY,234
1.35,0.75,STAR,61
1.6,1.05,GALAXY,695
0.75,0.2,QSO,48
1.4,0.7,GALAXY,143
1.55,0.65,GALAXY,426
1.85,1.0,GALAXY,512
0.25,0.3,QSO,350
0.55,0.15,QSO,159
0.05,0.0,QSO,509
0.0,0.15,QSO,468
1.5,1.0,GALAXY,533
2.15,0.75,GALAXY,31
1.4,0.85,GALAXY,420
2.35,1.15,GALAXY,77
0.7,0.3,STAR,595
0.75,0.35,STAR,290
1.95,1.35,GALAXY,79
-0.15,0.2,QSO,113
1.7,1.35,GALAXY,105
1.25,1.35,GALAXY,61
1.8,1.05,GALAXY,602
1.7,0.65,GALAXY,1070
0.25,0.05,GALAXY,54
0.0,0.4,QSO,216
0.6,0.6,GALAXY,94
1.85,1.1,GALAXY,403
0.45,0.75,GALAXY,78
0.75,0.3,STAR,520
0.3,0.7,GALAXY,64
1.55,1.15,GALAXY,441
0.4,0.8,GALAXY,61
0.7,0.25,GALAXY,96
0.45,0.1,STAR,496
0.25,0.25,QSO,444
0.8,0.3,STAR,434
-0.15,0.05,QSO,52
2.2,1.2,GALAXY,104
0.3,0.55,GALAXY,43
0.7,0.45,GALAXY,634
1.7,0.55,GALAXY,476
0.1,0.15,QSO,648
1.75,0.75,GALAXY,821
0.65,0.65,GALAXY,102
0.4,0.55,QSO,47
0.75,0.35,GALAXY,695
0.75,0.4,GALAXY,1456
0.4,0.2,GALAXY,349
0.4,0.4,QSO,125
0.75,0.45,GALAXY,843
0.65,0.75,GALAXY,93
1.75,0.55,GALAXY,364
0.45,-0.1,STAR,36
0.85,0.85,GALAXY,87
0.6,0.55,QSO,34
1.5,1.15,GALAXY,360
2.65,1.4,GALAXY,25
1.85,0.55,GALAXY,202
1.3,0.7,GALAXY,103
0.35,0.05,STAR,589
1.5,0.65,GALAXY,306
1.95,0.95,GALAXY,360
0.65,0.8,GALAXY,68
0.95,1.1,GALAXY,67
0.7,0.25,QSO,65
-0.45,-0.35,STAR,53
1.1,1.3,GALAXY,42
2.0,1.25,GALAXY,154
1.2,0.5,STAR,174
1.6,1.4,GALAXY,97
1.05,0.65,GALAXY,65
1.15,0.45,STAR,207
0.75,1.05,GALAXY,69
0.9,1.05,GALAXY,69
0.85,0.35,STAR,336
0.7,0.4,STAR,52
1.9,1.4,GALAXY,73
0.15,-0.05,GALAXY,35
1.45,0.75,GALAXY,242
2.5,1.2,GALAXY,48
1.65,1.35,GALAXY,142
0.5,-0.05,QSO,122
1.45,1.15,STAR,92
0.8,0.25,QSO,31
1.3,1.3,GALAXY,89
0.3,1.1,GALAXY,21
0.7,0.35,QSO,60
0.25,0.3,GALAXY,98
2.05,1.35,GALAXY,67
0.5,0.95,GALAXY,56
0.65,0.25,QSO,62
0.5,-0.1,QSO,84
0.15,0.85,GALAXY,25
0.2,-0.15,QSO,203
-0.05,0.0,QSO,195
0.65,0.15,GALAXY,57
0.15,-0.15,STAR,53
2.35,1.4,GALAXY,26
0.2,0.05,STAR,473
1.6,1.25,GALAXY,257
1.2,0.8,GALAXY,227
0.9,1.1,GALAXY,52
0.85,0.25,GALAXY,39
0.9,0.25,GALAXY,48
1.4,0.4,GALAXY,26
2.55,1.2,GALAXY,47
0.5,0.1,GALAXY,48
0.7,0.3,QSO,59
1.35,1.1,GALAXY,251
2.1,1.3,GALAXY,82
0.3,-0.1,STAR,58
1.6,1.3,STAR,51
-0.25,0.2,QSO,44
0.7,0.1,STAR,32
1.65,1.25,STAR,34
1.45,1.3,STAR,85
1.65,1.2,STAR,36
0.4,-0.05,STAR,78
0.1,0.35,QSO,358
0.65,-0.1,QSO,27
1.5,0.45,GALAXY,79
0.65,0.6,QSO,37
1.2,1.25,GALAXY,75
0.75,0.75,GALAXY,89
1.4,0.7,STAR,111
1.1,0.55,GALAXY,409
0.45,0.0,STAR,81
1.25,1.15,STAR,30
2.35,0.95,GALAXY,39
2.05,0.75,GALAXY,70
1.95,0.55,GALAXY,81
0.5,0.0,GALAXY,39
0.95,1.15,GALAXY,39
-0.45,-0.3,STAR,41
0.25,0.65,QSO,21
-0.1,0.45,QSO,72
1.6,0.85,STAR,51
0.2,0.25,GALAXY,80
1.05,0.5,STAR,79
1.3,0.75,STAR,32
2.1,0.65,GALAXY,36
0.3,0.9,GALAXY,37
1.15,0.35,STAR,50
0.5,0.85,GALAXY,79
0.4,1.05,GALAXY,23
0.65,0.1,GALAXY,35
1.5,1.4,GALAXY,64
2.45,1.05,GALAXY,42
2.9,1.1,GALAXY,24
0.0,0.1,STAR,77
1.05,1.25,GALAXY,42
1.0,0.3,STAR,93
0.7,-0.05,QSO,31
2.85,1.15,GALAXY,35
1.1,0.85,GALAXY,156
1.0,0.45,STAR,106
0.55,0.05,STAR,69
0.6,-0.1,QSO,40
1.65,1.4,STAR,36
0.5,-0.05,STAR,23
1.3,1.5,STAR,24
0.8,0.45,STAR,38
1.3,1.35,STAR,30
0.75,-0.05,QSO,22
0.05,0.55,QSO,47
0.65,1.15,GALAXY,30
1.1,0.55,STAR,54
0.2,-0.25,STAR,22
-0.2,-0.2,STAR,101
0.4,1.15,GALAXY,22
0.7,0.45,QSO,56
0.85,0.6,GALAXY,83
1.35,0.45,STAR,24
0.15,-0.1,GALAXY,22
0.55,1.1,GALAXY,34
0.5,0.6,GALAXY,91
0.4,0.7,GALAXY,70
0.4,0.95,GALAXY,31
0.25,0.7,GALAXY,29
2.3,1.1,GALAXY,71
2.4,1.15,GALAXY,68
1.2,1.2,STAR,25
0.25,-0.05,GALAXY,26
0.3,0.45,GALAXY,54
0.75,1.1,GALAXY,41
1.65,1.0,STAR,29
1.35,1.1,STAR,61
1.2,1.15,STAR,22
1.7,1.45,STAR,26
1.4,1.35,STAR,91
1.2,0.6,STAR,43
0.55,0.5,GALAXY,95
2.4,0.95,GALAXY,28
0.2,0.4,GALAXY,34
1.35,0.8,STAR,48
0.25,1.0,GALAXY,21
0.3,0.65,QSO,34
0.65,0.55,QSO,39
1.4,1.55,STAR,27
0.2,0.5,GALAXY,28
0.45,0.95,GALAXY,46
1.3,0.5,STAR,77
1.0,0.3,GALAXY,41
-0.05,-0.15,STAR,64
1.0,0.45,QSO,22
0.85,0.15,GALAXY,28
0.85,0.5,QSO,29
0.1,-0.05,GALAXY,26
-0.35,-0.25,STAR,78
0.15,-0.2,STAR,26
-0.1,-0.15,STAR,100
-0.15,0.1,STAR,26
1.15,0.55,STAR,67
-0.2,-0.05,STAR,21
1.3,0.8,STAR,36
0.25,0.85,GALAXY,25
1.25,1.3,STAR,30
